{"$schema":"http://schema.management.azure.com/schemas/2015-01-01/deploymentTemplate.json#","contentVersion":"1.0.0.0","parameters":{},"variables":{},"resources":[{"name":"Earthquake Data Pipeline","type":"pipelines","apiVersion":"2018-06-01","properties":{"activities":[{"name":"Bronze Notebook","type":"TridentNotebook","dependsOn":[],"policy":{"timeout":"0.12:00:00","retry":0,"retryIntervalInSeconds":30,"secureOutput":false,"secureInput":false},"typeProperties":{"notebookId":"3d5a82f1-63cc-43c1-afd5-782c9496d00f","workspaceId":"796c5775-e21f-4df0-b476-1a022829489b","parameters":{"start_date":{"value":{"value":"@formatDateTime(adddays(utcNow(),-1), 'yyyy-MM-dd')","type":"Expression"},"type":"string"},"end_date":{"value":{"value":"@formatDateTime(utcNow(), 'yyyy-MM-dd')","type":"Expression"},"type":"string"}}}},{"name":"Silver Nootbook","type":"TridentNotebook","dependsOn":[{"activity":"Bronze Notebook","dependencyConditions":["Succeeded"]}],"policy":{"timeout":"0.12:00:00","retry":0,"retryIntervalInSeconds":30,"secureOutput":false,"secureInput":false},"typeProperties":{"notebookId":"33befcc0-9b3b-4f9a-a91e-6da1d1523ff7","workspaceId":"796c5775-e21f-4df0-b476-1a022829489b","parameters":{"start_date":{"value":{"value":"@formatDateTime(adddays(utcNow(),-1), 'yyyy-MM-dd')","type":"Expression"},"type":"string"}}}},{"name":"Gold Nootbook","type":"TridentNotebook","dependsOn":[{"activity":"Silver Nootbook","dependencyConditions":["Succeeded"]}],"policy":{"timeout":"0.12:00:00","retry":0,"retryIntervalInSeconds":30,"secureOutput":false,"secureInput":false},"typeProperties":{"notebookId":"43c1b577-eed3-489b-b414-e221e5da987b","workspaceId":"796c5775-e21f-4df0-b476-1a022829489b","parameters":{"start_date":{"value":{"value":"@formatDateTime(adddays(utcNow(),-1), 'yyyy-MM-dd')","type":"Expression"},"type":"string"}}}}],"variables":{"start_date":{"type":"String"}},"lastModifiedByObjectId":"9e20347e-4a2c-445c-9635-c43ab2bd8d1e","lastPublishTime":"2025-11-28T21:32:48Z"},"dependsOn":[]}]}